OBJECTID,Share_A,Share_B
9,0.217659615,0.782340385
10,0.833110279,0.166889721
14,0.691769242,0.308230758
64,0.903035411,0.096964589
65,0.454022078,0.545977922
119,0.356149235,0.643850765
169,0.346676145,0.653323855
170,0.647536695,0.352463305
176,0.005507584,0.994492416
268,0.684517422,0.315482578
269,0.393657493,0.606342507
270,0.929437862,0.070562138
271,0.032193975,0.967806025
321,0.688643231,0.311356769
327,0.68164165,0.31835835
